id,title,price,address,description,publishDate,timestamp,link,photos
19xlGCUpqz,3 Beds 3 Baths - House,"฿30,000",83000,"[""RENT:30,000THB /month "",""LOCATION: KOHKEAW near BIS"",""Brand new 3bedrooms 4bathrooms house with Private pool near BIS school."",""The house will be fully furnished."",""-Refrigerator"",""-Washing Machine"",""- Wardrobe etc. "",""For Long Term Rental."",""LINE ID: kibkwanpat"",""WHATSAPP: +66952977709""]",,1624379512737,https://www.facebook.com/commerce/listing/115915830613307/?media_id=0&ref=share_attachment&__cft__[0]=AZWtkVwBFocYYbwr6isE0lXdOLid_23zfH95XsAABrd0kcRgCgs2o0meyo8yKtyFPFWTAE4L1kid1AYruuaGtOqNpdP0_TLqHq7nlcFnsssR36-q5xfbXUuc3uuTAM4GlNOkt2c4sDNEfkA5kGsntAqFIU1VvDiw1pRhOkMny4mM6meOpHpXYr9px0q_9b9ii6I5zkaKxTd9DmNKYq8w4EOeN97XDeZkKnC4ADOW_3x4sA&__tn__=*bH-R,"[""https://scontent.fbkk2-6.fna.fbcdn.net/v/t1.6435-0/s600x600/196352923_10226444410165323_7684620822133708336_n.jpg?_nc_cat=104&ccb=1-3&_nc_sid=b9115d&_nc_ohc=grwaRj5_izwAX9MMlbf&_nc_ht=scontent.fbkk2-6.fna&tp=7&oh=9e05f8808712d7fcae7c79bc73ae9da6&oe=60D7D278"",""https://scontent.fbkk2-3.fna.fbcdn.net/v/t1.6435-0/s600x600/198196582_10226444410605334_1454315957542483000_n.jpg?_nc_cat=109&ccb=1-3&_nc_sid=b9115d&_nc_ohc=Ufhh_UmdmcMAX-02ryt&_nc_ht=scontent.fbkk2-3.fna&tp=7&oh=c2c0dc332087127b1338c684a362077e&oe=60D69A40"",""https://scontent.fbkk2-7.fna.fbcdn.net/v/t1.6435-0/s600x600/197833074_10226444411845365_3727437138736514752_n.jpg?_nc_cat=106&ccb=1-3&_nc_sid=b9115d&_nc_ohc=car4gvifRh8AX-gKjUs&_nc_oc=AQkDO7aNMHyTQVQXi7wnWrFd01upwe1dx0ys8Q_JuxNMHpO62Y3ZlB2Wa-HxQz2uYIA&_nc_ht=scontent.fbkk2-7.fna&tp=7&oh=f5bdd8f8d42737c8db2a4ff99d9b0f22&oe=60D62FEF"",""https://scontent.fbkk2-3.fna.fbcdn.net/v/t1.6435-0/s600x600/199823818_10226444412285376_7864238678515266878_n.jpg?_nc_cat=109&ccb=1-3&_nc_sid=b9115d&_nc_ohc=LCbON_WHPSkAX8XZhdQ&_nc_ht=scontent.fbkk2-3.fna&tp=7&oh=a691bec3e7e051f5e5fcf7db47990242&oe=60D6EF7A"",""https://scontent.fbkk2-8.fna.fbcdn.net/v/t1.6435-0/s600x600/204588318_10226444412725387_744231234425532913_n.jpg?_nc_cat=103&ccb=1-3&_nc_sid=b9115d&_nc_ohc=0Bu_Go3_T5IAX8i8w-W&_nc_ht=scontent.fbkk2-8.fna&tp=7&oh=3ded120ad1092cda1d248f28d4e41e24&oe=60D68671""]"
ruCgssjJuF,New 2 Bedrooms 3 Bathrooms Villa@Thaland near Laguna,"฿55,000",83130,"["" Code: RW97206"",""New Pool Villa For Rent@Cherng Thalay, Thalang "",""Price 55,000 Baht /Month"","" Location:"",""2 min to Boat Avenue and Porto De Phuket."",""4 min to Laguna"",""5 min to Bangtao Beach(2km)"",""6 min to Blue tree"",""Details:"",""Private Pool "",""2 Bedrooms "",""2 Bathrooms with bathtub"",""Living room/TV/Sofa"",""Kitchen fully equipped/Oven"",""All the room have Aircondition"",""Fitness&Gym"",""24 hours security and CCTV"",""=============================="",""For more information please contact "",""Line: ammata13"",""Whatsapp:+66937896206"",""https://www.facebook.com/AFpropertymanagement/""]",,1624379514527,https://www.facebook.com/commerce/listing/239893200918082/?media_id=0&ref=share_attachment&__cft__[0]=AZXM_ma_ykyPo-ZTnsQZi4c2gBV6kYnYGw_7_T06RfFyNbStwXgbK6082Kdkip2K2SySzazJIBFiyc58mIrI_Vya6r4Zk7zb2Ft77plGQ8zBZtjtTIRUQgS_OMlKDU5I1BllXRtR5XbYL_WHN7gPotNTzeyjCT9utpHUtnNQ5NrN33l_pLtEHXxNAzP5UMUcFJrNOg6UQZHH9JUV5nEdKs3QGTip-RYLuIAZCYU7cneZRw&__tn__=*bH-R,"[""https://scontent.fbkk2-6.fna.fbcdn.net/v/t1.6435-0/s600x600/197698774_1461390654202691_2022614755206748748_n.jpg?_nc_cat=107&ccb=1-3&_nc_sid=b9115d&_nc_ohc=K_gpIVMQXAsAX-FjI0-&_nc_ht=scontent.fbkk2-6.fna&tp=7&oh=41bd8951373a0dc41f7a17b90a6cb13d&oe=60D76E8B"",""https://scontent.fbkk2-8.fna.fbcdn.net/v/t1.6435-0/s600x600/196867099_1461390697536020_7936933605743803070_n.jpg?_nc_cat=103&ccb=1-3&_nc_sid=b9115d&_nc_ohc=S3jeoVdNQwoAX-yDScl&_nc_ht=scontent.fbkk2-8.fna&tp=7&oh=da38c3f9cd024a8ada2b3214bd7e2f4f&oe=60D782BE"",""https://scontent.fbkk2-4.fna.fbcdn.net/v/t1.6435-0/s600x600/200244003_1461390754202681_4136364829053871282_n.jpg?_nc_cat=101&ccb=1-3&_nc_sid=b9115d&_nc_ohc=SmrZ_ZRMhaQAX_y1Jlt&_nc_oc=AQn3md_Tjvwna8rlVOofnxZoYpXBUZDpuEnIBz0PzYYyYaULfv26QwMaNclQo0EWqYY&_nc_ht=scontent.fbkk2-4.fna&tp=7&oh=4d18fda56c172e49c58520a34886f431&oe=60D6B70E"",""https://scontent.fbkk2-4.fna.fbcdn.net/v/t1.6435-0/s600x600/201990423_1461390794202677_399838193719003863_n.jpg?_nc_cat=101&ccb=1-3&_nc_sid=b9115d&_nc_ohc=nWreDSjy31IAX-7Gyvk&_nc_ht=scontent.fbkk2-4.fna&tp=7&oh=6ee27e6fa80f17b0685a120fc3bb97e9&oe=60D74E59"",""https://scontent.fbkk2-7.fna.fbcdn.net/v/t1.6435-0/s600x600/197502738_1461390817536008_4991029514319348167_n.jpg?_nc_cat=106&ccb=1-3&_nc_sid=b9115d&_nc_ohc=IrOAlvQ63Q8AX_AhDe1&_nc_ht=scontent.fbkk2-7.fna&tp=7&oh=640b1cbfd27c26f6e27f5f05d37fd2bd&oe=60D6C6D4""]"
IoEaD_i3MT,3 Bedrooms House For Rent@Chalong near BCIS,"฿15,000",83130,"[""Code: RC913038"",""House for rent@Chalong"",""Hot Price 15,000 Baht/Month: 1 year contract"","" Location:"",""5 min to BCIS"",""6 min to Chalong Pier"",""10 min to Tiger Muay Thai"",""15 min to Naiharn beach"",""25 min to Phuket town"",""Details:"",""3 Bedrooms 2 Bathrooms"",""Kitchen/Fridge/Oven/Microwave"",""Living Room /TV/Cable TV/Aircon"",""Washing Machine"","" Pet is not allowed"",""========================="",""For more information please contact "",""Id Line:ammata13"",""Whatsapp: +66937896206""]",,1624379514530,https://www.facebook.com/commerce/listing/4063005097150481/?media_id=0&ref=share_attachment&__cft__[0]=AZVzHiXVc8wYxod6SchAgFFbfbLVK3AzaQo1UtoImeDd-H4wtnfSBb7Li7HBjmQjq2vMKQ4MMVBxtMGAtnjstvjS0UuD51bD8qY1JATz8n_2givug1wAjnBaL8DG1slkb_Sp0CP6VU6CpwW34oweJn7reeo6fN9lZAqhUVZLfJ2D0urG5Q-lV8-Qin8bFh1akrCI0XnUPTUgp-faY5hi9YT3P8SE75zeQvDV2qOGkW2fwA&__tn__=*bH-R,"[""https://scontent.fbkk2-8.fna.fbcdn.net/v/t1.6435-0/s600x600/203918568_1461376674204089_1041474449715477736_n.jpg?_nc_cat=102&ccb=1-3&_nc_sid=b9115d&_nc_ohc=JKcrg9m8omYAX9s3j7B&_nc_ht=scontent.fbkk2-8.fna&tp=7&oh=a6725e45694e43e1a05dc1adfa2a9315&oe=60D6C151"",""https://scontent.fbkk2-8.fna.fbcdn.net/v/t1.6435-0/s600x600/204926606_1461376704204086_4096555471094235323_n.jpg?_nc_cat=100&ccb=1-3&_nc_sid=b9115d&_nc_ohc=lL6JCPvi9o8AX8X171x&_nc_ht=scontent.fbkk2-8.fna&tp=7&oh=963c0e40413bb9e12eba341133d10a64&oe=60D6C6C7"",""https://scontent.fbkk2-4.fna.fbcdn.net/v/t1.6435-0/s600x600/196738786_1461376724204084_4120954301891617591_n.jpg?_nc_cat=105&ccb=1-3&_nc_sid=b9115d&_nc_ohc=Ir14qDrs6yUAX8ncqe0&_nc_ht=scontent.fbkk2-4.fna&tp=7&oh=20748b91890a7280e54a96722c4965fe&oe=60D63C5E"",""https://scontent.fbkk2-6.fna.fbcdn.net/v/t1.6435-0/s600x600/201045660_1461376750870748_2242062016478813842_n.jpg?_nc_cat=107&ccb=1-3&_nc_sid=b9115d&_nc_ohc=hGgvIWQUqyQAX-8zwvG&_nc_ht=scontent.fbkk2-6.fna&tp=7&oh=92728796a2e204dd5d7958c68c6f0bb0&oe=60D7E323"",""https://scontent.fbkk2-4.fna.fbcdn.net/v/t1.6435-0/s600x600/205039695_1461376770870746_1206096737837027535_n.jpg?_nc_cat=101&ccb=1-3&_nc_sid=b9115d&_nc_ohc=psq7moWskKIAX-6p8S4&_nc_ht=scontent.fbkk2-4.fna&tp=7&oh=100c983c55cc902ac4526a08d9405e78&oe=60D7EEBB""]"
IBWNxMaSDe,ขาย-เช่าบ้านพลูวิลล่าชั้นเดี่ยวราไวย์พร้อมตกแต่งในซอยสุขสันต์ 2  เนื้อที่ 70.8 ตร.วา ขาย 6.9 ล้าน,"฿6,900,000",Phuket City,"[""ขาย-เช่าบ้านพลูวิลล่าชั้นเดี่ยวราไวย์ เนื้อที่ 70.8 ตร.วา ขาย 6.9 ล้าน ตกแต่งพร้อมเข้าอยู่ในซอยสุขสันต์ 2  ตำบลราไวย์ อำเภอเมือง ภูเก็ต บนโฉนดที่ดินเนื้อที่ 70.8  ตารางวา ( 283.2 ตารางเมตร ) ประกอบไปด้วย 3 ห้องนอน 3 ห้องน้ำ ห้องรับแขก ห้องครัว พร้อมสระว่ายน้ำส่วนตัว ที่จอดรถ 1 คัน (บ้านโครงการ)ตกแต่งพร้อมเข้าอยู่ อยู่ในแหล่งชุมชนชาวต่างชาติ มีโครงการวิลล่าหรู โรงแรม และรีสอร์ท หลายโครงการ  NATHA Villa  Natha Villa Villa Jasmine Intira Villas 2 และPhuket Motorbike Rental by Turtla  ใกล้แหล่งท่องเที่ยว แหลมพรหมเทพ วัดพระใหญ่ วัดฉลอง ท่าเรือฉลอง และหาดราไวย์ ท่าเรือราไวย์ อื่นๆอีกมากมาย "","" ราคาเสนอขาย   6.9  ล้านบาท ( ค่าจดทะเบียนโอนทั้งหมดหาร 2 ) หรือเช่าเดือนละ 30,000 บาท(สัญญา 1 ปี)  "",""สนใจสอบถามรายละเอียดเพิ่มเติม หรือนัดชมสถานที่จริงได้ตลอด คุณโจธนา 081-8018609 ID ; jothana"",""เข้าชมทรัพย์เพิ่มเติมได้ที่ www.facebook.com/jbpropertyphuket or www.jbpropertyphuket.com"",""#รับฝากขายบ้านที่ดินคอนโด ฟรีค่าโฆษณา ทำการตลาดให้ โดยทีมงานมืออาชีพ""]",,1624379515393,https://www.facebook.com/commerce/listing/226605915959365/?media_id=0&ref=share_attachment&__cft__[0]=AZVP3V0fhj65QEhkCC6lAN1o2gHJel7wkpO-fSam3NmwRd2g5gXZX3kf1V4o2UT4eSYv2NUAiSrm8atCor014Ld2sVe7zheMxytvZ_EI3Lx4AbA5EAnGn9IgOd8ASH4eN-niYVwCKnEyqgPgmFb1dvS23a0T9bc_lFREooiWNBTcXq2bNQ-SX26YEkf9-uXcI2CHILtVWRT5gvwwbB_50zlm7M0JxCmSfNOCwITaCGrpWA&__tn__=*bH-R,"[""https://scontent.fbkk2-8.fna.fbcdn.net/v/t1.6435-0/s600x600/204806981_4097284737054538_6235293224397758465_n.jpg?_nc_cat=103&ccb=1-3&_nc_sid=b9115d&_nc_ohc=-aSTkt1aFv8AX8qllHY&_nc_ht=scontent.fbkk2-8.fna&tp=7&oh=bf9f980b86d5cbfa59abfe4dd779ccb0&oe=60D752A6"",""https://scontent.fbkk2-7.fna.fbcdn.net/v/t1.6435-0/s600x600/203791714_4097284793721199_1221196908801784021_n.jpg?_nc_cat=106&ccb=1-3&_nc_sid=b9115d&_nc_ohc=jAsRE-tiu74AX8ruwpR&_nc_oc=AQkDcahGEzQSRApfvA5pYUV_3GjRiQU9A9qofcEZ30oMUBEOy45MH32CYulEhBxkTZw&_nc_ht=scontent.fbkk2-7.fna&tp=7&oh=2578797abce635b9bbbca55160554e3e&oe=60D65CF1"",""https://scontent.fbkk2-5.fna.fbcdn.net/v/t1.6435-0/s600x600/205208877_4097284860387859_4381675775389192470_n.jpg?_nc_cat=110&ccb=1-3&_nc_sid=b9115d&_nc_ohc=XR1mPl1kFG8AX_Qfyav&_nc_ht=scontent.fbkk2-5.fna&tp=7&oh=905a12a6ebbd25aa38a43c2fc519da80&oe=60D7C269"",""https://scontent.fbkk2-7.fna.fbcdn.net/v/t1.6435-0/s600x600/205729616_4097284927054519_2379167553133544490_n.jpg?_nc_cat=108&ccb=1-3&_nc_sid=b9115d&_nc_ohc=BBxNt8UQE0gAX-47EJY&_nc_ht=scontent.fbkk2-7.fna&tp=7&oh=f53aec5785609923bff94cc5dd63bcce&oe=60D6CA37"",""https://scontent.fbkk2-3.fna.fbcdn.net/v/t1.6435-0/s600x600/205089787_4097284993721179_1931831509303737266_n.jpg?_nc_cat=109&ccb=1-3&_nc_sid=b9115d&_nc_ohc=TBTLKNylr3MAX_MigCv&_nc_ht=scontent.fbkk2-3.fna&tp=7&oh=1ce3f7add4602886c39dd8cd1807eec2&oe=60D6BF81""]"
-NGLXutRhK,ขายด่วนพลูวิลล่าถลางตกแต่งพร้อมเข้าอยู่ใกล้โซนลากูน่า หาดลายัน เนื้อที่ 141 ตร.วา ขาย 12.5 ล้าน,"฿12,500,000",Amphoe Thalang,"[""ขายด่วนพลูวิลล่าถลางตกแต่งพร้อมเข้าอยู่ใกล้โซนลากูน่า และทะเลหาดลายัน เนื้อที่ 141 ตร.วา ขาย 12.5 ล้าน ในซอยโคกโตนด 3 ตำบลเชิงทะเล อำเภอถลาง ภูเก็ต บนโฉนดที่ดินเนื้อที่ 140 ตารางวา ( 564 ตารางเมตร ) แปลงหัวมุมติดถนนทั้ง 2 ด้าน ประกอบไปด้วย  4 ห้องนอน 6 ห้องน้ำ  ห้องรับแขก พื้นที่ปรุงอาหาร สระว่ายน้ำส่วนตัว ศาลาพักผ่อนและพื้นที่จัดปาร์ตี้ ห้องแม่บ้าน ห้องซักรีด ลานระเบียง ที่จอดรถ 2 คัน ประตูอัตโนมัติ ระบบกล้องวงจรปิด ใกล้แหล่งชุมชนลายล้อมไปด้วยบ้านจัดสรรชาวต่างชาติ BOTANICA Luxury Villas Phase II- Phase III , Villas Aelita Pool Villa Resort , Hideaway Lake Villas , Anchan Lagoon Villa และโครงการลากูน่าปาร์ค 2 อยู่ในระหว่างการก่อสร้าง ใกล้แหล่งท่องเที่ยวมากมาย พร้อมทั้งเดินทางไปยัง Villa Market - Boat Avenue Phuket (Laguna) 10 นาที และทะเลหาดลายันประมาณ 4 กม.เดินทาง 8 นาที ร้านอาหาร รีสอร์ท อพาร์เม้นท์ แหล่งท่องเที่ยว ใกล้ทะเลหาดบางเทา หาดสุรินทร์ หาดลายัน อื่นๆอีกมากมาย"",""ราคาเสนอขายราคาพิเศษ   12.5  ล้านบาท (ค่าจดทะเบียนโอนกรรมสิทธิ์ทั้งหมดหาร 2)"",""สนใจสอบถามรายละเอียดเพิ่มเติม หรือนัดชมสถานที่จริงได้ตลอด คุณโจธนา 081-8018609 ID ; jothana"",""เข้าชมทรัพย์เพิ่มเติมได้ที่ www.facebook.com/jbpropertyphuket or www.jbpropertyphuket.com"",""#รับฝากขายบ้านที่ดินคอนโด ฟรีค่าโฆษณา ทำการตลาดให้ โดยทีมงานมืออาชีพ""]",,1624379515396,https://www.facebook.com/commerce/listing/319084469852111/?media_id=0&ref=share_attachment&__cft__[0]=AZXTfdo2asgOzNQzC92EFqGTlCDRyhFO-5mIuchWUSV8hvy3CbglNl_IIeB0QYX7zf88inwG6PGEXus3-UqKf0R6ZiJxD2AvX7BOKUr6O8ePqO0aAAVcr6P513Qwdb91R-lHF1FFdBZa7_RRoa-IWguI1JPZ5D24IXA1-CyIdVHRiuu3M1nefHAwsYhWxpz-zMtp93qnOSJdYJ3VUTNqsvKXN4yPr8VLdZUpZg_2j83Hyw&__tn__=*bH-R,"[""https://scontent.fbkk2-4.fna.fbcdn.net/v/t1.6435-0/p526x395/205467995_4097208400395505_3188630157175367269_n.jpg?_nc_cat=101&ccb=1-3&_nc_sid=b9115d&_nc_ohc=mpht22itoZ0AX9eVPBm&_nc_ht=scontent.fbkk2-4.fna&tp=6&oh=eadd90bc2746fd6b6c8c87aefe30bae1&oe=60D74C6A"",""https://scontent.fbkk2-8.fna.fbcdn.net/v/t1.6435-0/p526x395/204666456_4097208493728829_7275882956943259809_n.jpg?_nc_cat=100&ccb=1-3&_nc_sid=b9115d&_nc_ohc=G8U8tY4P0IgAX_tDyT8&_nc_ht=scontent.fbkk2-8.fna&tp=6&oh=462e788f0275544c5092c218b3382b7f&oe=60D6669F"",""https://scontent.fbkk2-8.fna.fbcdn.net/v/t1.6435-0/p526x395/203891835_4097208573728821_5955035221425000254_n.jpg?_nc_cat=102&ccb=1-3&_nc_sid=b9115d&_nc_ohc=rORBrjHJIHAAX-SRgDd&_nc_ht=scontent.fbkk2-8.fna&tp=6&oh=e1c2c93c227eb8f949475092dd082344&oe=60D78A54"",""https://scontent.fbkk2-7.fna.fbcdn.net/v/t1.6435-0/p526x395/204111332_4097208647062147_5963746903685503333_n.jpg?_nc_cat=106&ccb=1-3&_nc_sid=b9115d&_nc_ohc=_9ffBNagmFIAX-NneLn&_nc_ht=scontent.fbkk2-7.fna&tp=6&oh=75dbfdb78b6e2b0cb58b2e2ef25353b8&oe=60D78EAE"",""https://scontent.fbkk2-7.fna.fbcdn.net/v/t1.6435-0/p526x395/205124272_4097208747062137_5160896783472545716_n.jpg?_nc_cat=108&ccb=1-3&_nc_sid=b9115d&_nc_ohc=J5EVG_ZhapAAX9CLMJC&_nc_ht=scontent.fbkk2-7.fna&tp=6&oh=0ec981247ce326627b8ad4dde6accdc2&oe=60D68676""]"
EW62dbfwaH,All you can eat,฿190,83000,"[""Everyone Liked the Lamb Döner Kebab , so we want to show you about our chicken shawarma  Unlimited only for 190 THB , you haven’t try Chicken Döner at EFE OLD TOWN "","" This Sunday 27th June "","" Chicken wraps"","" Chicken Döner with rice "","" Chicken iskender"",""https://www.facebook.com/efeoldtown/""]",,1624379516324,https://www.facebook.com/commerce/listing/207080951287723/?ref=share_attachment&__cft__[0]=AZX9-SaFOalxjueAe2dYoItIu0vNVRST_tUs62nLSygaz9XSVm7aWmn3mxU2iqkN305hW_YLj4HTnYfF_216NRo8I63svw2ZzGeQzVuMKLLUu_PiA2ZPaahVfx1FvjtdxObUDngRs1vnXYFHSdq4CkO9_3NWZQmodHhMABABSOcy1zJesgkVG8u-pDtnYAGv0gXkGqJ_-tfbA1p2pxElH_xiXcVZZRs5WRAFwJFM8Nf2zA&__tn__=EH-R,"[""https://scontent.fbkk2-3.fna.fbcdn.net/v/t1.6435-0/p526x296/204203643_4448424691854709_5417128605124813967_n.jpg?_nc_cat=111&ccb=1-3&_nc_sid=825194&_nc_ohc=LMjmBQt8fj4AX9qvD1p&_nc_ht=scontent.fbkk2-3.fna&tp=6&oh=fec8151c0f96159ebc3dcb20d58cb005&oe=60D71885""]"
U7G2bO9PiI,4 ห้องนอน 4 ห้องน้ำ - บ้าน,"฿35,000",83110,"[""Available end of July 4 bedroom 4 bathroom private pool at Bang jo just drive max 10 mins to Laguna villa market. Thb 35,000 month for long term rent. Pets allow.""]",,1624379516325,https://www.facebook.com/commerce/listing/579542916362540/?media_id=0&ref=share_attachment&__cft__[0]=AZWMD7uV4cdn3cbUCZeDVDsRTlKFR9PK74zzAMaoFUYRLKeVWh2A741grW8e4xhH8DJ43hkr0oWika1cjwX1l5YZpB7o3CkLCEqH9nAE_QE2Zc9HJLMepb2lihq8L97qcIuO4RwDNlRVMHY715JZ5D9xkodcBcIrGG1wFMLzXNk2D8FaYNUhqvzx1pUUreI3PVBLkP-_Rmmylc45AEdVJEp_ldeDr8h_V8rmvvUELJaLQA&__tn__=*bH-R,"[""https://scontent.fbkk2-8.fna.fbcdn.net/v/t1.6435-0/s600x600/205627991_4335763636463534_2699689184377347333_n.jpg?_nc_cat=103&ccb=1-3&_nc_sid=b9115d&_nc_ohc=SIX65FxMxhUAX8iBzOK&_nc_ht=scontent.fbkk2-8.fna&tp=7&oh=14262b84eff5ee815077aa0886146389&oe=60D75FA5"",""https://scontent.fbkk2-6.fna.fbcdn.net/v/t1.6435-0/s600x600/205178473_4335763723130192_5715603749627387977_n.jpg?_nc_cat=104&ccb=1-3&_nc_sid=b9115d&_nc_ohc=ap5tUITNfYAAX9V7pS7&_nc_ht=scontent.fbkk2-6.fna&tp=7&oh=db94e7058689af22277576f83d1ffe4c&oe=60D7D2D3"",""https://scontent.fbkk2-3.fna.fbcdn.net/v/t1.6435-0/s600x600/204769652_4335763786463519_2163527258885881296_n.jpg?_nc_cat=109&ccb=1-3&_nc_sid=b9115d&_nc_ohc=R2hu6NvdVgQAX9IibEL&_nc_ht=scontent.fbkk2-3.fna&tp=7&oh=d58147c44ce69f0d65ff289544a74f76&oe=60D624EA"",""https://scontent.fbkk2-3.fna.fbcdn.net/v/t1.6435-0/s600x600/204024655_4335763836463514_7397378630523379343_n.jpg?_nc_cat=111&ccb=1-3&_nc_sid=b9115d&_nc_ohc=6oDCovryGrkAX8WXMLv&_nc_ht=scontent.fbkk2-3.fna&tp=7&oh=f1a0c18b4bdc02d5fa07fabb674bdeba&oe=60D78A6B""]"
1IrxyC6j7y,บ้าน 3 ห้องนอน 3 ห้องน้ำ,"฿13,650,000","Rawai, Phuket, Thailand","[""New Beautifull californian villa "",""3 bedrooms villa,  3 bathrooms, rawai area, 200 sqm...13,650,000 bahts"",""Location: Rawai"",""Contact : 084-2629331 (Thierry)"",""WhatsApp : +66842629331 (Thierry)"",""https://www.facebook.com/Fortune.Properties.Phuket/"",""#FORTUNEPROPERTIES""]",,1624379516326,https://www.facebook.com/commerce/listing/226675915761350/?media_id=0&ref=share_attachment&__cft__[0]=AZV3g2UfGIVAPq4je9YzmTJ_YPq-CFNaNCI_yyVbJmJOOGvDpQFusiVD3gUmbyRAisQ5qL1BrgRgrgSyr-kBXUEWc5e5_zTQfbxN4EwZAPfSL5mUIB74rklI4nf9L9kQxZdq7c608Zaf8ZPDXdrVA31rcB0wpxLlUoqaozPfR5P_5gt8ZW4wu4FdR5LemAEcLo1lmdIAZbBsGP_2oM-WuFPFBN9LAkonfvSb12Lulb8CiQ&__tn__=*bH-R,"[""https://scontent.fbkk2-8.fna.fbcdn.net/v/t1.6435-0/s600x600/203455880_1382428645477254_3162729896120079776_n.jpg?_nc_cat=103&ccb=1-3&_nc_sid=b9115d&_nc_ohc=ySpUK74fLroAX-stOyz&_nc_ht=scontent.fbkk2-8.fna&tp=7&oh=b9c6f99302679f3169f27594a1591900&oe=60D6A38F"",""https://scontent.fbkk2-4.fna.fbcdn.net/v/t1.6435-0/s600x600/204808722_1382428732143912_68763012455585650_n.jpg?_nc_cat=105&ccb=1-3&_nc_sid=b9115d&_nc_ohc=E263thyWob0AX8Y9t28&_nc_ht=scontent.fbkk2-4.fna&tp=7&oh=92ef3245f1c3b6928a7ff740d563baa7&oe=60D6A6D4"",""https://scontent.fbkk2-5.fna.fbcdn.net/v/t1.6435-0/s600x600/203872328_1382428822143903_74240721256684946_n.jpg?_nc_cat=110&ccb=1-3&_nc_sid=b9115d&_nc_ohc=O-kPytULoKEAX8aJC8I&_nc_ht=scontent.fbkk2-5.fna&tp=7&oh=0dd460e4abbcbc274f7d738a83505f76&oe=60D65C12"",""https://scontent.fbkk2-6.fna.fbcdn.net/v/t1.6435-0/s600x600/204588472_1382428915477227_7131997358046877199_n.jpg?_nc_cat=104&ccb=1-3&_nc_sid=b9115d&_nc_ohc=NDOHcKTN28YAX9IS1ym&_nc_ht=scontent.fbkk2-6.fna&tp=7&oh=756751f8c732da85729bbd2ca3ca30b0&oe=60D77325"",""https://scontent.fbkk2-7.fna.fbcdn.net/v/t1.6435-0/s600x600/203589082_1382429015477217_925308094362738798_n.jpg?_nc_cat=108&ccb=1-3&_nc_sid=b9115d&_nc_ohc=UVPkjyevtQIAX8KIgfl&_nc_ht=scontent.fbkk2-7.fna&tp=7&oh=b992920cbe5bde9452a260f35db228fc&oe=60D72D68""]"
EoqVsnc11t,4 Bedrooms 4 Bathrooms House For Rent@Chalong near the Circle,"฿35,000",83130,"[""Code: RC913086"",""Modern Villa For Rent@Chalong"",""Price 35,000 Baht/Month:1 year Contract"","" Locations: Quiet area in Chalong walking distance to Villa Market"",""5 min to Chalong pier"",""8 min to BCIS"",""10 mim to Tiger MuayThai"",""12 min to kata & karon beaches"",""15 min to Rawai & Naiharn beaches"",""Details:"",""Modern 3 Storey Villa"",""Private Pool"",""4 Bedrooms 4 Bathrooms"",""All the room have Terrance"",""CCTV"",""========================="",""For more information please contact "",""Line:ammata13"",""Whatsapp:+66937896206"",""https://www.facebook.com/AFpropertymanagement/""]",,1624379517250,https://www.facebook.com/commerce/listing/935788883632385/?media_id=0&ref=share_attachment&__cft__[0]=AZU166PIOOfKAm-2WNh0J_aVx2V5GgRG1-uqW2gOcSiA3aghEDZ1S7-AVIEHEDprY_Q-UvsQjEPfXqXG9E0f7YavSUnIt-qT3J2PZbEy4dIuGZ4MNeVhFIxyOruUfGaVBCQv8QhKk0ssBnCyptt-f6wknMPtennp_lUZfNdIPQzrJGVPxJI-afwk7qAht2B7cMs4Xxky2Dn4Eia5UoKObFHETpUKwGW_XLYngYqSVcPDng&__tn__=*bH-R,"[""https://scontent.fbkk2-7.fna.fbcdn.net/v/t1.6435-0/s600x600/205124286_1461322450876178_1583523414577733669_n.jpg?_nc_cat=106&ccb=1-3&_nc_sid=b9115d&_nc_ohc=CRqkNk3SfpYAX-ygd8l&_nc_ht=scontent.fbkk2-7.fna&tp=7&oh=1b6510a45989c4c707013631f04f5dce&oe=60D705A0"",""https://scontent.fbkk2-4.fna.fbcdn.net/v/t1.6435-0/s600x600/204156281_1461322494209507_3906688294100235758_n.jpg?_nc_cat=105&ccb=1-3&_nc_sid=b9115d&_nc_ohc=Yl-jjPkpovkAX-v-JP9&_nc_ht=scontent.fbkk2-4.fna&tp=7&oh=bc337851add38b198bc0a98770bbd124&oe=60D718F3"",""https://scontent.fbkk2-4.fna.fbcdn.net/v/t1.6435-0/s600x600/204926598_1461322530876170_857066231189055685_n.jpg?_nc_cat=105&ccb=1-3&_nc_sid=b9115d&_nc_ohc=-bu47TzkLnkAX9imn7I&_nc_ht=scontent.fbkk2-4.fna&tp=7&oh=5a696c3f7cb8a552635c818f0efa75a7&oe=60D60661"",""https://scontent.fbkk2-5.fna.fbcdn.net/v/t1.6435-0/s600x600/205290838_1461322547542835_7522428008023855619_n.jpg?_nc_cat=110&ccb=1-3&_nc_sid=b9115d&_nc_ohc=BQytsVadZr4AX8v3drc&_nc_ht=scontent.fbkk2-5.fna&tp=7&oh=9eb416ccf797721848fc4f937f4e4104&oe=60D64EFF"",""https://scontent.fbkk2-5.fna.fbcdn.net/v/t1.6435-0/s600x600/205526906_1461322570876166_8397359857517544149_n.jpg?_nc_cat=110&ccb=1-3&_nc_sid=b9115d&_nc_ohc=xmuTXxfmqS4AX_oEGXI&_nc_ht=scontent.fbkk2-5.fna&tp=7&oh=c2c368ba7e76665316a77667ca07a5a5&oe=60D6422B""]"
CyZiDFyYGQ,Квартира с Спален: 3 и Ванные: 3,"฿450,000",83110,"[""Good morning. I am looking for 2/3 bedroom apartments with sea view and good distance to the beach. Any area of Phuket, except Patong . "",""Budget 250-450 000 $ "",""Looking only for apartments. "",""Please DM me if you have good offers  "",""Thank you.""]",,1624379517252,https://www.facebook.com/commerce/listing/389980042415305/?ref=share_attachment&__cft__[0]=AZVuRDgRxZica0UsnYaZ3BjOV11__aZI7K1w5bUHEKhHxtywoa8yySXimEDRp8iHJLahXELSP-k3kyKtKhDdUs5UfpF5qQ_xzNiMv5znpoHgSMMtWuM2GviI-bgEvOHDjKZba3A6kf82QwA-MngkKtDNdt4iJuVi0OhxjMF_ytVXXiju_gJ7MpMGAOBkUyA3PZamZAW_z-fepG1HQHWeLKMG5wHZ0SMYG8E2ndbfyC4sYQ&__tn__=EH-R,"[""https://scontent.fbkk2-3.fna.fbcdn.net/v/t1.6435-0/s640x640/201236818_4351626504889045_1521728970932945232_n.jpg?_nc_cat=109&ccb=1-3&_nc_sid=825194&_nc_ohc=HzkymDgw510AX-MXXC4&_nc_ht=scontent.fbkk2-3.fna&tp=7&oh=7b8cc02ae35d314b742a5a292aa1985f&oe=60D7A5CE""]"
QcQrY0pgXE,3 Bedrooms Villa For Rent@Palai Chalong,"฿4,000",83130,"[""Code: RC97071"",""Pool Villa for rent@ Palai Chalong"",""Price 40,000 Baht/Month: 1Year Contract"","" Location:"",""3 min to Tiger Muaythai beachside"",""7 min to Soi Ta-ed"",""8 min to BCIS"",""10 min to Chalong pier"",""15-20 min to Rawai & Naiharn beach"",""Details:"",""3 Bedrooms 3 Bathrooms"",""Fully furnished"",""Private Pool "",""24 Hours security"",""========================="",""For more information please contact"",""Line:ammata13"",""Whatsapp:+66937896206""]",,1624379517255,https://www.facebook.com/commerce/listing/333974718226959/?media_id=0&ref=share_attachment&__cft__[0]=AZXC6MExQyNneodRwPRO_3ztPkUN1j60YAlKo-nWpZaBXDKWACrj2wU9AEDeAsintyQU08KypTCDTcfbvKt5yhDIbTeRbpTSTfLN6dsboU3gdJE9ZFjufvI8YyyZaCQFj6bIYRo77_TXsC9E74CGg8ZRhExhb3fqes86lYjKvMo44r_d5cBCjI_pSEcRABomreaLPO3nIeamFHtLVKbSMbNXanhPKPUNlckiQkYj5dEB1A&__tn__=*bH-R,"[""https://scontent.fbkk2-5.fna.fbcdn.net/v/t1.6435-0/s600x600/205494750_1461305757544514_5958541823752919894_n.jpg?_nc_cat=110&ccb=1-3&_nc_sid=b9115d&_nc_ohc=vqBOjHOTXJ4AX91dzCv&_nc_ht=scontent.fbkk2-5.fna&tp=7&oh=f9c18ec8e515d23df3200885027d0d95&oe=60D7481F"",""https://scontent.fbkk2-7.fna.fbcdn.net/v/t1.6435-0/s600x600/204959890_1461305780877845_5544332313226176689_n.jpg?_nc_cat=108&ccb=1-3&_nc_sid=b9115d&_nc_ohc=t5O5DTmLAsEAX_7vY7T&_nc_ht=scontent.fbkk2-7.fna&tp=7&oh=7031004c0cf403d8bb15c824ba32b08f&oe=60D60D55"",""https://scontent.fbkk2-8.fna.fbcdn.net/v/t1.6435-0/s600x600/205064011_1461305824211174_5643891028140035001_n.jpg?_nc_cat=102&ccb=1-3&_nc_sid=b9115d&_nc_ohc=tKwVIlhTl7wAX80hgB5&_nc_ht=scontent.fbkk2-8.fna&tp=7&oh=50c86ec58e3d39c8b782538198808fc6&oe=60D712C5"",""https://scontent.fbkk2-8.fna.fbcdn.net/v/t1.6435-0/s600x600/204439465_1461305844211172_3453205146906509383_n.jpg?_nc_cat=100&ccb=1-3&_nc_sid=b9115d&_nc_ohc=0fL4C8YfiN0AX_YtdWc&_nc_ht=scontent.fbkk2-8.fna&tp=7&oh=49b6a04e45d6d9e796899c5036bb093f&oe=60D642FA"",""https://scontent.fbkk2-7.fna.fbcdn.net/v/t1.6435-0/s600x600/204077868_1461305864211170_3439241540035726708_n.jpg?_nc_cat=108&ccb=1-3&_nc_sid=b9115d&_nc_ohc=z3858Vd4tnUAX8Awhck&_nc_ht=scontent.fbkk2-7.fna&tp=7&oh=b5710f269894eed398e060b5b057b281&oe=60D7C879""]"
sRKQQWOeMY,"Gopro 9 = 16,000 THB","฿16,000",83130,"[""I bought it from the BIG CAMERA store in Central Festival Phuket in mid April. I pay for gop3 year warranty. Everything is new."",""+ 3 Years waranty "",""+ 1 Gopro Hero 9"",""+ 2 Battery Hero 9 Original"",""+ 2 Tripode Gopro Original"",""+ 1 Memory Card SD 32 Gb"",""+ 1 Charger for Battery + Cable Gopro Original "",""+ 1 Box Gopro Original"",""+ 1 Harness Gopro Original"",""16,000 THB""]",,1624379518150,https://www.facebook.com/commerce/listing/497709144618495/?media_id=0&ref=share_attachment&__cft__[0]=AZWb5Q0dGl11JjlMhoAQWjfLYLXH2Gu1c586279trBezEie7ijzA2ERCywwFR8klxe2HKDh4w6e05oq82Jpclj7ZVJAVvdniaulLCzWfVRQouLe5IKqafh1dTwo3a_gbqBtp3LYq_tLzwKc0VGdNeY2CEi9gScSNWr0tuviu02pZZRhK0w7t5YKLxv33IhR3tF7mZ5SOVrC-GDTtPo5HXb6bMcnhJN_EwLwXCSbeWQVxWw&__tn__=*bH-R,"[""https://scontent.fbkk2-5.fna.fbcdn.net/v/t1.6435-0/s600x600/204634711_503485514220758_6382657152349335049_n.jpg?_nc_cat=110&ccb=1-3&_nc_sid=b9115d&_nc_ohc=qK-VRjKgR48AX_zdkh_&_nc_oc=AQkI-pWT96DDUYHJXBFCHYP0ECG3k0Rzxibh_l3iQgSLro_yDAWymgmpfABlaaV5D-g&_nc_ht=scontent.fbkk2-5.fna&tp=7&oh=f8aade90402f7e49718c3f2844cd4046&oe=60D6AA86"",""https://scontent.fbkk2-4.fna.fbcdn.net/v/t1.6435-0/s600x600/202758379_503485537554089_1362987188377717737_n.jpg?_nc_cat=101&ccb=1-3&_nc_sid=b9115d&_nc_ohc=JmqjvixOS9YAX-d-Ldz&_nc_ht=scontent.fbkk2-4.fna&tp=7&oh=758a2d2646a7c47487e5e58f8c7bb1f0&oe=60D776B8""]"
Bi8KgdFmTv,รับทุกของ,฿500,83000,"[""#ขออณุญาติ ครับ.0987426577."",""#รับจ้างทุกของ,ขนย้าย,ของในบ้าน."",""ในห้องเช่า,อ๊อฟฟิต,งานเล็ก,งานใหญ่."",""#ในภูเก็ตเเละต่างจังหวัดทุกจังหวัดทั่วไทย."",""#ติดต่อ0987426577 พี่บ่าว.รถกระบะรั้วสูง."",""รถ6ล้อ,รถ10ล้อ ฯลฯ..""]",,1624379518158,https://www.facebook.com/commerce/listing/973631990077540/?ref=share_attachment&__cft__[0]=AZWfINZnfD4brQioj5qjAwY3OKtJPJKf1tWYs18JrKOEc5ThAoBr0bQwyEnFixWStoSNAfQGECoBGoTk2ZxYfWUOT173oZrJhjCWW0YDYm1yquG77NUDKVtn5vdjHRfvHeUZ799tF18A5CokWRYcs_oAKQVxn8EBPDWJ-dzivyr-b-FOxlBwtMiKrxGf2o4r5UhfSp1k1xHoJdA4ckrn-MePGgGu7dVI8Jwt3dzByFn5DQ&__tn__=EH-R,"[""https://scontent.fbkk2-5.fna.fbcdn.net/v/t1.6435-0/p526x296/202332765_1157716024692786_4403773766666486696_n.jpg?_nc_cat=110&ccb=1-3&_nc_sid=825194&_nc_ohc=L-SI4TOyq_gAX9dJmtg&_nc_ht=scontent.fbkk2-5.fna&tp=6&oh=65bbd278695461365aab5ef65d846ead&oe=60D7709C""]"
QqVtyjyuJH,4 Bedrooms 5 Bathrooms Villa For Rent@Thalang near Munoment,"฿45,000",83110,"[""Code: R13135"",""Pool villa for Rent @Thalang Area"",""Hot Price 45,000 Baht/Month: 1 Year contract "",""Locations:"",""15 min to Laguna"",""10 min to Boat Lagoon"",""10 min to KIS"",""12 min to BIS"",""20 min to UWC"",""15 min to Phuket Town"",""30 min to Phuket Airport."",""Details:"","" Land size: 880 sqm"","" 4 Bedrooms 5 bathrooms "","" 1 Maid Room"","" Kitchen with fully equipped /Oven"","" Large Living Room"","" All the rooms have Air Condition"","" Electric gate"","" Swimming Pool with Jacuzzi"","" Allowed pet"",""========================="",""For more information please contact me "",""Id Line: ammata13"",""Whatsapp:+66937896206 Read less""]",,1624379518162,https://www.facebook.com/commerce/listing/787602295267482/?media_id=0&ref=share_attachment&__cft__[0]=AZV80mUCk8lkUDJv9tMzRg63dFtWDk_Jjz87iMC0PZLWFISkcOB2fOm6r-UGDV89tZ9L3lu_y5ZLMsN563I9ar8Eyam-M9qZWwMpulwwL-PmxdS0oZoXszrmR9GGJ85CwHZ6qGTxq6cWFD6x7PTdXTMi1JGBL3Yls7709d7qyCdS9whuvKDrd-ZWrJhWqa-z4aQk4A4-beyTOnkdGMozwmtVsp-5sKpJZ9JKsX9I05Jq_Q&__tn__=*bH-R,"[""https://scontent.fbkk2-4.fna.fbcdn.net/v/t1.6435-0/s600x600/205187852_1461280820880341_3553521404898235193_n.jpg?_nc_cat=101&ccb=1-3&_nc_sid=b9115d&_nc_ohc=S9oKTTxHZIoAX_WGNkL&_nc_ht=scontent.fbkk2-4.fna&tp=7&oh=090818649fcea0deeb406c2dcfa08e15&oe=60D640C9"",""https://scontent.fbkk2-4.fna.fbcdn.net/v/t1.6435-0/s600x600/205998026_1461280854213671_2917427314794405632_n.jpg?_nc_cat=101&ccb=1-3&_nc_sid=b9115d&_nc_ohc=ZYoMNvhrip4AX-wu64Q&_nc_ht=scontent.fbkk2-4.fna&tp=7&oh=591979f6cc1d5c59fe2e43117e22eeb8&oe=60D6ED17"",""https://scontent.fbkk2-3.fna.fbcdn.net/v/t1.6435-0/s600x600/200960564_1461280884213668_3967512400997499706_n.jpg?_nc_cat=111&ccb=1-3&_nc_sid=b9115d&_nc_ohc=vY7Yi9zYYkgAX8YVgYU&_nc_ht=scontent.fbkk2-3.fna&tp=7&oh=03900224ff0e2f3655c81018c8cc5915&oe=60D6A1B3"",""https://scontent.fbkk2-4.fna.fbcdn.net/v/t1.6435-0/s600x600/204951222_1461280904213666_225664148464525036_n.jpg?_nc_cat=105&ccb=1-3&_nc_sid=b9115d&_nc_ohc=ofKZXbcRtwMAX8T5tBk&_nc_ht=scontent.fbkk2-4.fna&tp=7&oh=b25b4c0497d65194ee412636da7f8ba8&oe=60D7E7F8"",""https://scontent.fbkk2-3.fna.fbcdn.net/v/t1.6435-0/s600x600/205151286_1461280937546996_179355399374737417_n.jpg?_nc_cat=109&ccb=1-3&_nc_sid=b9115d&_nc_ohc=VmqqH0uBnUUAX_NY_CC&_nc_ht=scontent.fbkk2-3.fna&tp=7&oh=9a7d5f8b08b85014ff6b1b87f7aa9182&oe=60D7D19A""]"
UPLma9iTjR,2 beds 2 baths House,"฿20,000","Changwat Phuket, Phuket, Thailand","[""CHALONG POOL VILLA :::  "",""2 BEDROOM 2 BATH  :::"",""FULLY FURNISHED :::"",""INCLUDES FACILITY'S - POOL - GARDEN MAINTENANCE + FREE WATER SUPPLY ALL YEAR + INTERNET ACCESS ::::"",""BY MAID FULL VILLA CLEANING ONCE A WEEK FREE FREE :::"",""ONLY PAY FOR ELECTRIC BY METER READING :::"",""Bert 0874734495.""]",,1624379519092,https://www.facebook.com/commerce/listing/182152760521018/?media_id=0&ref=share_attachment&__cft__[0]=AZWWom9dVFqEMd_R9wANbUeLm-6qsDjxXUqSU_DBiE9wmQ5es64tnGalMhetnhN5CJ7X6KIvnFsyAu6W-0WT7DcJrHSdeV4qlK3E92VM3RjqS9HiLAVHR6s1HdCrh1zM9qrHGzSQUkgqEF_6DUCPJw3XUysSIkiHHI7TZr6XjQO2bE9QqaLVtMX38FjxC5eodRxwGeR5fi34Cx4mkCYdWMyB8iYEY11GcCd7ZeamWfUDiQ&__tn__=*bH-R,"[""https://scontent.fbkk2-3.fna.fbcdn.net/v/t1.6435-0/s600x600/196143523_2941968492727024_9160507850245968455_n.jpg?_nc_cat=109&ccb=1-3&_nc_sid=b9115d&_nc_ohc=Y_T5mZaPNI4AX-nI_S_&_nc_ht=scontent.fbkk2-3.fna&tp=7&oh=49455f7cdf13586bb5de19fe885d739c&oe=60D6980E"",""https://scontent.fbkk2-8.fna.fbcdn.net/v/t1.6435-0/p526x395/201417393_2941968509393689_8762637751476635931_n.jpg?_nc_cat=103&ccb=1-3&_nc_sid=b9115d&_nc_ohc=zK1NLjk7vSwAX8FOhXa&_nc_ht=scontent.fbkk2-8.fna&tp=6&oh=950bb5ccd2b46356fc6b4a1f05fa605a&oe=60D63810"",""https://scontent.fbkk2-5.fna.fbcdn.net/v/t1.6435-0/s600x600/196703268_2941968529393687_9109632302701967653_n.jpg?_nc_cat=110&ccb=1-3&_nc_sid=b9115d&_nc_ohc=hAah1VUYvBsAX-yMJdi&_nc_ht=scontent.fbkk2-5.fna&tp=7&oh=294f190b1b707cc8ab3d0730502b3716&oe=60D73EE1"",""https://scontent.fbkk2-8.fna.fbcdn.net/v/t1.6435-0/s600x600/201041099_2941968559393684_4091287813847451683_n.jpg?_nc_cat=100&ccb=1-3&_nc_sid=b9115d&_nc_ohc=TWHOY2GnD28AX8ZMbiq&_nc_ht=scontent.fbkk2-8.fna&tp=7&oh=d3106eb41c95856765efa0b0bc1f40c1&oe=60D60EDA"",""https://scontent.fbkk2-8.fna.fbcdn.net/v/t1.6435-0/s600x600/202828648_2941968586060348_1838587485925584458_n.jpg?_nc_cat=102&ccb=1-3&_nc_sid=b9115d&_nc_ohc=wIB7AuLIiZEAX9_vYIu&_nc_ht=scontent.fbkk2-8.fna&tp=7&oh=d21831136de8bf754a947b47d9d48966&oe=60D6F69A""]"
05AVkiLHQD,TAKE 5 MINS TO READ ABOUT THIS GREAT OPPORTUNITY - NO KEY MONEY - HALF PRICE RENT FOR THE 1ST YEAR,FREE,Patong,"[""TAKE 5 MINS TO READ ABOUT GREAT OPPORTUNITY!"",""• No Key money FREE BAR before covid it used to be 800’000 key money."",""• You 3 year contract option to continue."",""• First years rent half price now only 12’500. "",""• Contract will not start until bars are open again."",""• Any government closures due to covid it will not be counts as rental time."",""• If any closure due to covid time will be added to the end of the year."",""• If you decide to end the contract just give one months notice no questions asked."",""As july first is quickly approaching and vaccinated tourist will be able to enter Thailand with no quarantine I have had a meeting with otop market and bar area management to relaunch the best outdoor bars and shopping area in patong, as a result of covid 19 a lot of bar owners closed to wait until tourist can return."",""There are also a number of bars that have closed for good not good news for them but great news for a number of lucky individuals."",""As a relaunch promotion to get all the bars open otop management have agreed to give the bars to anyone interested completely free, no key money and on top of that you will get half price for the first year, there are also many shop units available with the same offer."",""• Key money used to be 800’000 and now it’s free."",""• You 3 year contract option to continue."",""• First years rent half price now only 12’500. "",""• Contract will not start until until bars are open again."",""• Any government closures due to covid it will not be counts as rental time."",""• If any closure time it will be added to the end of the year."",""• If you decide to end the contract just give one months notice and walk away no questions asked."",""."",""No big payouts or big financial risk to yourselves simply set up and open up,  it’s a win win situation no obligation at the end of the year simply walk away or sell on to another interested party."",""So have you ever thought of opening a bar or some kind of shop maybe your looking office space in patong? Well now it’s never been easier, so what are you waiting for? "",""The idea is to get all of otop open and start generation some life in patong again, if well work together but advertising and letting people know that otop is open, we can make otop the best shopping area and daytime drinking spot and nightlife area in patong, "",""otop have also agreed to invest money in marketing the area, so once things resume otop will be changing all the entrances to otop market especially the two main entrances these showing all passing traffic and pedestrians what they can find inside otop market, plus we will be canvassing patong beach and all busy areas around patong with information leaflets explaining and showing people what they can find in the otop market area because there is so much in otop market and all we need to do is let people know, along with that there will be an internet marketing campaign."",""Come on let’s make otop great again! also I have been running bars in patong for many years now so I will also be able to help with anything you may need to get started and day to day running of a business I am happy to help and have all the contacts you may need builders, sign making company, bar supplies shops etc, so whatever you need I’m happy to help as I would like some normality back in my life as I’m you all do also!"",""So what are you waiting for? Message me on facebook or give me a call for more information on 0842236209"",""ใช้เวลา 5 นาทีในการอ่านเกี่ยวกับโอกาสที่ยอดเยี่ยม!"",""• เงินคีย์เคยเป็น 800,000 และตอนนี้ก็ฟรีแล้ว"",""• คุณมีตัวเลือกสัญญา 3 ปีเพื่อดำเนินการต่อ"",""• ปีแรก เช่าครึ่งราคาตอนนี้เพียง 12,500."",""• สัญญาจะไม่เริ่มจนกว่าบาร์จะเปิดอีกครั้ง"",""• รัฐบาลปิดใด ๆ เนื่องจาก covid จะไม่นับเป็นเวลาเช่า"",""• หากปิดใดเวลาหนึ่งจะเพิ่มเป็นสิ้นปี"",""• หากคุณตัดสินใจที่จะสิ้นสุดสัญญา ให้แจ้งล่วงหน้าหนึ่งเดือนโดยไม่มีคำถามใดๆ เกิดขึ้น"",""เนื่องจากวันแรกของเดือนกรกฎาคมที่ใกล้เข้ามาเร็วๆนี้และนักท่องเที่ยวที่ได้รับการฉีดวัคซีนจะสามารถเข้าประเทศไทยได้โดยไม่มีการกักตัวและฉันได้พบปะพูดคุยกับเจ้าของโครงการตลาด otop และทำการจัดการพื้นที่บาร์เพื่อเปิดบาร์กลางแจ้งและแหล่งช้อปปิ้งที่ดีที่สุดในป่าตองอีกครั้งเนื่องจากโควิด 19 จำนวนมากของเจ้าของบาร์ปิดเพื่อรอจนกว่านักท่องเที่ยวจะกลับมา นอกจากนี้ยังมีบาร์หลายแห่งที่ปิดตัวลงเนื่องจากข่าวร้ายสำหรับพวกเขา แต่เป็นข่าวดีสำหรับผู้โชคดีจำนวนมาก"",""ตามโปรโมชั่นใหม่ของ otop ผู้บริหารตกลงเสนอบาร์ให้กับใครที่สนใจฟรีไม่มีคีย์ money แถมปีแรกคุณจ่ายค่าเช่าเพียงแค่ครึ่งราคาและยังมีร้านและบาร์อีกมากมายพร้อมข้อเสนอเดียวกัน"",""ไม่มีการจ่ายเงินจำนวนมากหรือความเสี่ยงทางการเงินขนาดใหญ่ให้กับตัวเองเพียงแค่จัดตั้งและเปิดมันเป็นสถานการณ์ที่ดีโดยไม่มีข้อผูกมัดใด ๆ ในช่วงใกล้ปลายปีถ้าคุณไม่ต้องการจะบริหารร้านค้าและบาร์อีกต่อไปคุณแค่หยุดทำการหรือเสนอขายให้กับบุคคลอื่นที่เค้าสนใจ"",""คุณเคยคิดที่จะเปิดบาร์หรือร้านค้าบางประเภทที่อยู่ในพื้นที่ป่าตองหรือไม่? ตอนนี้มันง่ายกว่าที่เคยแล้วคุณจะรออะไรอีก?"",""แนวคิดของ otop คืออยากให้บาร์และร้านค้างทั้งหมดเปิดกว้างและเริ่มต้นทำมันใหม่เพื่อให้ป่าตองกลับมาครึ๊กครื้นอีกครั้งและอยากให้เราทำงานร่วมกันและช่วยกันโปรโหมดบอกให้ผู้คนได้รู้ว่า otop เปิดให้บริการและเราสามารถทำให้ otop เป็นหล่งช้อปปิ้งที่ดีที่สุดในเวลากลางวันและสถานบันเทิงยามค่ำคืนในป่าตอง ,"",""otop ได้ตกลงที่จะลงทุนเพื่อทำการตลาดในพื้นที่ดังนั้นเมื่อสิ่งต่างๆกลับมาดำเนินการ otop จะทำการตกแต่งทางเข้าทั้งหมดของตลาด otop โดยเฉพาะทางเข้าหลักๆซึ่งแสดงให้เห็นถึงการจราจรที่ผ่านไปมาและทำให้ผู้คนสามารเห็นตลาด otop และเราจะเป็น เดินสำรวจหน้าหาดป่าตองและพื้นที่ผู้คนพลุกพล่านรอบๆ ป่าตองพร้อมแจกโบชัวพร้อมแผนที่เพื่อแสดงให้ผู้คนเห็นถึงสิ่งที่พวกเขาสามารถหาได้ในตลาด otop วึ้งมีมากมายในตลาด otop และสิ่งที่เราต้องทำคือให้คนรู้พร้อมและจะมีแคมเปญการตลาดทางอินเทอร์เน็ต"",""มาทำให้ otop ยอดเยี่ยมอีกครั้ง! นอกจากนี้ฉันทำงานบาร์ในป่าตองมาหลายปีแล้วดังนั้นฉันจะสามารถช่วยทุกอย่างที่คุณอาจต้องการเพื่อเริ่มต้นและดำเนินธุรกิจในแต่ละวันฉันยินดีที่จะช่วยเหลือและมีผู้ติดต่อทั้งหมดที่คุณอาจต้องการผู้สร้าง , บริษัททำป้าย, ร้านขายอุปกรณ์บาร์ ฯลฯ ดังนั้นสิ่งที่คุณต้องการ ฉันยินดีที่จะช่วยเช่นกัน"",""แล้วจะรออะไรโทรมาสอบถามเพิ่มเติมได้ที่ 0842236209""]",,1624379519095,https://www.facebook.com/commerce/listing/201799518503481/?media_id=0&ref=share_attachment&__cft__[0]=AZWlepvCDLeuw-RY1q667-HyZKEsSpCX3mGTgiIi5sMW2Z4UXGBhERXox2v-EuCVM4KaA1fbF6Z2UzLujjhrxS5aZFb1LGLSbSkkcVluRH9bwvNbax9LB--QktcSUeDvhaLx_Y4_i-bpi3nUIhNhEobCrpcT_Z3yNr6WcLpk0lswcuUwAYNgyvc-RqzaTbEJPjpy1099ZvOYgMCBC7AkhiEJ__FdbIUiRi-RWDwhdvKlRg&__tn__=*bH-R,"[""https://scontent.fbkk2-6.fna.fbcdn.net/v/t1.6435-0/p261x260/203331331_10159578189588659_2688303999460616213_n.jpg?_nc_cat=104&ccb=1-3&_nc_sid=b9115d&_nc_ohc=Z6UykBkc66QAX_nK1Sn&_nc_ht=scontent.fbkk2-6.fna&tp=6&oh=12427a06d523cbfdeab0c49f1e418ba1&oe=60D740F8"",""https://scontent.fbkk2-4.fna.fbcdn.net/v/t1.6435-0/p600x600/204450229_10159578189623659_7546027133141313514_n.jpg?_nc_cat=101&ccb=1-3&_nc_sid=b9115d&_nc_ohc=wdjNoOgkI8QAX9XE-Lm&_nc_ht=scontent.fbkk2-4.fna&tp=6&oh=9482172af474b66c0c4ef26918fa2f50&oe=60D75553"",""https://scontent.fbkk2-8.fna.fbcdn.net/v/t1.6435-0/s600x600/205281524_10159578189678659_7025468124981825811_n.jpg?_nc_cat=102&ccb=1-3&_nc_sid=b9115d&_nc_ohc=JEbzum6mdRkAX8lsyDW&_nc_ht=scontent.fbkk2-8.fna&tp=7&oh=62531ff1f6361d43984327f15143862b&oe=60D65F4F"",""https://scontent.fbkk2-5.fna.fbcdn.net/v/t1.6435-0/s600x600/206164244_10159578189703659_1800208033505946794_n.jpg?_nc_cat=110&ccb=1-3&_nc_sid=b9115d&_nc_ohc=tOpOKYWfszMAX8qu6SZ&_nc_oc=AQmGOCQMDbeJPZ0X72lcdKidIN7SN5Nlqy1q18ZYnbVRGlTkOGR3FSfdYn2VDmb8A8Y&_nc_ht=scontent.fbkk2-5.fna&tp=7&oh=18d864b176c894096383b55a71a80478&oe=60D7873B"",""https://scontent.fbkk2-7.fna.fbcdn.net/v/t1.6435-0/p526x395/204546831_10159578189733659_5857891439385965072_n.jpg?_nc_cat=108&ccb=1-3&_nc_sid=b9115d&_nc_ohc=98CTnuThibkAX95pl_2&_nc_ht=scontent.fbkk2-7.fna&tp=6&oh=02124807458fd1e18473034b1ed03778&oe=60D75382""]"
Y_54n8vNEK,Таунхаус с Спален: 3 и Ванные: 3,"฿5,000,000","Ban Kamala, Phuket, Thailand","[""Hot offer-5,000,000 THB "",""Tanhouse -3 floors with roof terrace"","" Living area -210 sq.m "",""3 bedroom/ 3 bath o"",""Freehold"",""Kamala "",""Cozy house with 3 floors, located in a closed guarded complex of private houses \""AP Grand Residence\"".  "",""The house has three bedrooms, located on the second and third floors, each of which has its own bathroom. On the first floor there is a guest room with a sofa and TV, a kitchen (refrigerator, glass ceramic oven, extractor hood, oven, microwave oven, toaster, full set  dishes) and a dining area, as well as a utility block with a washing machine. "",""On the territory of the complex, guests have access to two swimming pools with a jacuzzi, one for children and an adult (25 m), a playground, free parking, a sauna, a gym"",""More offers:"",""https://www.facebook.com/Phuket-for-You-105036051719899/"",""0945745132"",""WhatsApp/ Line""]",,1624379519104,https://www.facebook.com/commerce/listing/526225815170124/?media_id=0&ref=share_attachment&__cft__[0]=AZVFoJxzPXWa0njvMuiHTJFwxmd7M2sNjgsJSDHsLff9kINUDLsEBNyQBmuAMcab__j8C0gWp6oXx2McQgc_KIcpokPcluOhyag-HEyd_ETJa5vNScnH0ohW1PxxPpdGiDkwpZU4PeAGpnBog2tD_U2oXyEwqP-wBjZDohm2WuD4MHRu3umGHrI0F8VmtaWnslK9PzB-4KvxYR_V_FQwV3j1AMo_X1UwTbRXqAL1EaTymw&__tn__=*bH-R,"[""https://scontent.fbkk2-7.fna.fbcdn.net/v/t1.6435-0/s600x600/202708702_3974663435994657_424093784957544672_n.jpg?_nc_cat=108&ccb=1-3&_nc_sid=b9115d&_nc_ohc=VHu7yh5dGaAAX-dmT0b&_nc_ht=scontent.fbkk2-7.fna&tp=7&oh=cd5e310d41505cff8b3484f3fef2c396&oe=60D674F1"",""https://scontent.fbkk2-7.fna.fbcdn.net/v/t1.6435-0/s600x600/203236406_3974663539327980_4394463905788609636_n.jpg?_nc_cat=106&ccb=1-3&_nc_sid=b9115d&_nc_ohc=hoToGwlnk7UAX8daAVc&_nc_ht=scontent.fbkk2-7.fna&tp=7&oh=14861883f3ac35bdd3f107c60143fa51&oe=60D7D9B0"",""https://scontent.fbkk2-8.fna.fbcdn.net/v/t1.6435-0/s600x600/204077873_3974663609327973_6080976281706829354_n.jpg?_nc_cat=100&ccb=1-3&_nc_sid=b9115d&_nc_ohc=sFEYYtHwY8gAX8xLsko&_nc_ht=scontent.fbkk2-8.fna&tp=7&oh=33ba3cad2b964a3ccec1e2b856a3158b&oe=60D77CAA"",""https://scontent.fbkk2-4.fna.fbcdn.net/v/t1.6435-0/p526x395/202474991_3974663675994633_6573408526114279293_n.jpg?_nc_cat=101&ccb=1-3&_nc_sid=b9115d&_nc_ohc=YqUhrURxrMYAX9E5fTF&_nc_ht=scontent.fbkk2-4.fna&tp=6&oh=7f243817592712ca4165fd4fb7ad3598&oe=60D74346"",""https://scontent.fbkk2-4.fna.fbcdn.net/v/t1.6435-0/p526x395/201943886_3974663759327958_3700734215826138916_n.jpg?_nc_cat=101&ccb=1-3&_nc_sid=b9115d&_nc_ohc=lXmgJPvlwboAX8g96Nd&_nc_ht=scontent.fbkk2-4.fna&tp=6&oh=c6f4816c20bcc04d96424be79a9f668b&oe=60D67C46""]"
uqfv5uGjzB,2 Beds 2 Baths - House,"฿10,000",83000,"[""2 Beds 2 Baths - House"",""สามกอง พาร์ค, รัษฎา, ภูเก็ต 83000, ประเทศไทย""]",,1624379519105,https://www.facebook.com/commerce/listing/184681773496382/?media_id=0&ref=share_attachment&__cft__[0]=AZVFuf60-6GMeP5jtJFFPPsDZ8KFPsBaXr2tBmkZQHRHG8axHPe5Zr2P_42OICAcdm2_mJQO-FAo93hcZZj_NWFVOuNivVySH-CSoetgYQh8WxbSj6t3UazalmAKkghuh80lYwh_AoUBZ7VNV1wAKc-lM_VL3gWyaVz3EAZeJ0prpDiusBnlD3JKEm17JmpZIiNtRdP-he6hlwTbKNhGtOVPh8iuJGoa6TTzhEqYcsfe9Q&__tn__=*bH-R,"[""https://scontent.fbkk2-4.fna.fbcdn.net/v/t1.6435-0/s600x600/204077872_3863572130438353_4784314678196305537_n.jpg?_nc_cat=105&ccb=1-3&_nc_sid=b9115d&_nc_ohc=vcsTFS7TkTkAX-OjNhF&_nc_ht=scontent.fbkk2-4.fna&tp=7&oh=7cbb1f9ead3079f39ebc6f5b62b29b5e&oe=60D76A94"",""https://scontent.fbkk2-6.fna.fbcdn.net/v/t1.6435-0/s600x600/204801275_3863572190438347_1266810940342885417_n.jpg?_nc_cat=104&ccb=1-3&_nc_sid=b9115d&_nc_ohc=-IuP28tRTo0AX9mjsIQ&_nc_ht=scontent.fbkk2-6.fna&tp=7&oh=480d5ef8eff358a864ab4f989a8b35d8&oe=60D77AFE"",""https://scontent.fbkk2-8.fna.fbcdn.net/v/t1.6435-0/s600x600/205819798_3863572243771675_3211813778133411123_n.jpg?_nc_cat=103&ccb=1-3&_nc_sid=b9115d&_nc_ohc=ruysbQ6-fiUAX9yDHIz&_nc_ht=scontent.fbkk2-8.fna&tp=7&oh=67c0834c68856f1090cb06f8c9ba2c65&oe=60D7EF2F"",""https://scontent.fbkk2-7.fna.fbcdn.net/v/t1.6435-0/s600x600/203781177_3863572290438337_5140585097716926871_n.jpg?_nc_cat=108&ccb=1-3&_nc_sid=b9115d&_nc_ohc=Kp4ASJ3f-1IAX8CHovW&_nc_ht=scontent.fbkk2-7.fna&tp=7&oh=ff03af3824d09fbe1a8fcb5838d5b619&oe=60D6B9A4"",""https://scontent.fbkk2-4.fna.fbcdn.net/v/t1.6435-0/s600x600/205281524_3863572337104999_8526677193479739889_n.jpg?_nc_cat=101&ccb=1-3&_nc_sid=b9115d&_nc_ohc=bvZg7_vwiOIAX91Ul_n&_nc_ht=scontent.fbkk2-4.fna&tp=7&oh=74ef4ca2049c06e7649df3077b956b95&oe=60D7FDB5""]"
nIc9cyDbCW,Квартира с Спальни: 1 и Ванные: 1,"฿10,000",83110,"[""Apartment 1 bdr Lago "",""500 m from Nai Harn beach"",""10.000 baht per month"","" Swimming pool, gym"",""Phone WhatsApp Line +66874766201""]",,1624379519106,https://www.facebook.com/commerce/listing/155248826666507/?media_id=0&ref=share_attachment&__cft__[0]=AZVkx2ey0_AOhHtrqWGN9Qa8_fiVNAWjajRlkXgTrXbPMn-5NKQhLLukZ2OHI3OkzZ2-q_K3WtBBU715Z99QfdPYXsLeZT9mKsMpaJbiUkRq7LPgIaX6dCgCqeRCEEmMRVX-1HvRHNaQN3UATTfjiCNyWK-xpJqc-gxhi8wz3HEXb6sqJx3c1zGbtlSfK6jPPsOjIPEzjVZQFr4KzJEU1hdUu0qp7jLSszLQ9-mreGGjzg&__tn__=*bH-R,"[""https://scontent.fbkk2-6.fna.fbcdn.net/v/t1.6435-0/s600x600/204409222_2662495204048188_781168142662550651_n.jpg?_nc_cat=104&ccb=1-3&_nc_sid=b9115d&_nc_ohc=IqXoY5Cz3rUAX8K_Fy3&_nc_ht=scontent.fbkk2-6.fna&tp=7&oh=e3a127b52c9f293d5560c1682af9801d&oe=60D7F5F6"",""https://scontent.fbkk2-8.fna.fbcdn.net/v/t1.6435-0/s600x600/205202288_2662495240714851_3945356663247223115_n.jpg?_nc_cat=102&ccb=1-3&_nc_sid=b9115d&_nc_ohc=vCf1UM4kILMAX-d-vWx&_nc_ht=scontent.fbkk2-8.fna&tp=7&oh=b9e28d804d6bc970dd4b04ce22047ef1&oe=60D7BF6B"",""https://scontent.fbkk2-6.fna.fbcdn.net/v/t1.6435-0/p526x395/204137390_2662495267381515_2423828954296701911_n.jpg?_nc_cat=104&ccb=1-3&_nc_sid=b9115d&_nc_ohc=Gw4VcKnbJw4AX9jLqGp&_nc_ht=scontent.fbkk2-6.fna&tp=6&oh=7618d6862f90cdc2cbbc218504d348af&oe=60D64854"",""https://scontent.fbkk2-3.fna.fbcdn.net/v/t1.6435-0/p526x395/204269899_2662495307381511_7129215518744195432_n.jpg?_nc_cat=111&ccb=1-3&_nc_sid=b9115d&_nc_ohc=y0OEYFnEaAQAX_4aQCh&_nc_ht=scontent.fbkk2-3.fna&tp=6&oh=74c9c39168e5c264ffdfeab2caaf5cd6&oe=60D77FD7"",""https://scontent.fbkk2-3.fna.fbcdn.net/v/t1.6435-0/p526x395/203212396_2662495334048175_1547016819330375188_n.jpg?_nc_cat=111&ccb=1-3&_nc_sid=b9115d&_nc_ohc=cMXYQpYoPWgAX-yfuRP&_nc_ht=scontent.fbkk2-3.fna&tp=6&oh=80ed1ff482d67be6f0d67cce01438533&oe=60D6387C""]"
sOakYjDZDX,Дом с Спален: 4 и Ванные: 4,"฿100,000","Rawai, Phuket, Thailand","[""SEAVIEW POOL VILLA "",""Waterfront complex in the heart of Rawai area, which is located just several minutes drive from popular sights, shops and restaurants."",""Rent 100.000 Baht /Month "","" Location: Rawai."",""Details:"",""Deposit 2 month+1 month."",""4 BedRoom"",""4 Bathroom"",""Living room/sofa/TV/Aircon"",""Kitchen/Fully equipped/Fridge"",""24 Security"",""CCTV"",""BBQ station"",""Includes:"",""Pool Service (2 times a week)"",""WIFI free""]",,1624379520042,https://www.facebook.com/commerce/listing/244262220394785/?media_id=0&ref=share_attachment&__cft__[0]=AZXJivyA6SyR5uWIhjLy8Y7v8Y9rEDiIWp6TNvXa_wZPg00CkY0_8UEppT6CD98uxtGY2zK3Q__MGKB1N_EFgLlKVCQ6L-RW3CgIdQuKLg_j79ynUDkikrnbMfbJY2kLVJ-5N6mdcJv5uPpscz5JV3koH3HYZTz5gKkF1PSnh-H1ywOQQrljPMcbll9q_KPq21T5NJjer9dQAKdaZpn4Os5LE-u3Q-Hqm2JLAKkF2aETNA&__tn__=*bH-R,"[""https://scontent.fbkk2-8.fna.fbcdn.net/v/t1.6435-0/p526x395/202944332_2662482877382754_2868713123737325582_n.jpg?_nc_cat=103&ccb=1-3&_nc_sid=b9115d&_nc_ohc=4InqKimzULsAX_S6ikP&_nc_ht=scontent.fbkk2-8.fna&tp=6&oh=5e362dd05b9676ece97d4db59c547d78&oe=60D6DA63"",""https://scontent.fbkk2-3.fna.fbcdn.net/v/t1.6435-0/s600x600/204188378_2662482910716084_6302887594059440879_n.jpg?_nc_cat=111&ccb=1-3&_nc_sid=b9115d&_nc_ohc=JGw-6_zL-CQAX-9-XlI&_nc_ht=scontent.fbkk2-3.fna&tp=7&oh=817c83c3e6db3798036452448b928497&oe=60D609E6"",""https://scontent.fbkk2-5.fna.fbcdn.net/v/t1.6435-0/p403x403/204546831_2662482947382747_3993053956166390376_n.jpg?_nc_cat=110&ccb=1-3&_nc_sid=b9115d&_nc_ohc=YZeFW8Z-2ZgAX9Illdg&_nc_ht=scontent.fbkk2-5.fna&tp=6&oh=36c33218758004d06a22bfbacdfd09f4&oe=60D73836"",""https://scontent.fbkk2-8.fna.fbcdn.net/v/t1.6435-0/s600x600/204173352_2662482980716077_8210377885250694487_n.jpg?_nc_cat=103&ccb=1-3&_nc_sid=b9115d&_nc_ohc=fipqJ1Zk0lYAX_RoO9X&_nc_ht=scontent.fbkk2-8.fna&tp=7&oh=08600cd8b3382a1691cfbd5e5138d019&oe=60D78338"",""https://scontent.fbkk2-3.fna.fbcdn.net/v/t1.6435-0/p526x395/204137403_2662483017382740_6946508438202507349_n.jpg?_nc_cat=111&ccb=1-3&_nc_sid=b9115d&_nc_ohc=HPSt24J3e_YAX_mKEwQ&_nc_ht=scontent.fbkk2-3.fna&tp=6&oh=923b769f9f109f409226395427342c09&oe=60D7ED0C""]"
